time_ms	kiln_C	control_ms
18787474	213.78	250
18793475	213.78	400
18798476	213.9731	400
18803477	213.9968	400
18808478	213.7768	400
18813479	214	400
18818480	213.9704	400
18823481	214	400
18828482	213.7801	400
18833483	214	400
18838484	214	400
18843485	214	400
18848489	214	400
18853490	214	400
18858491	214	400
18863492	214	400
18868493	214	400
18873494	214	400
18878495	214.2468	400
18883496	214.25	400
18888497	214.2496	400
18893498	214.25	400
18898499	214.25	400
18903500	213.5901	400
18908501	214.47	400
18913502	214.5	400
18918503	214.5	400
18923504	214.5	400
18928505	214.5	400
18933506	214.7204	400
18938507	214.7236	400
18943508	214.75	400
18948509	214.75	400
18953510	214.75	400
18958511	214.75	400
18963512	214.9704	400
18968513	215	400
18973514	215	400
18978515	215	400
18983516	215.0269	400
18988517	215.25	400
18993518	215.2532	400
18998519	215.25	400
19003520	215.5	400
19008521	215.2801	400
19013522	215.5	400
19018523	215.5264	400
19023524	215.7469	400
19028525	215.75	400
19033526	215.75	400
19038527	215.9964	400
19043528	215.9968	400
19048529	216	400
19053530	216.0268	400
19058531	216.25	400
19063532	216.25	400
19068533	216.4699	400
19073534	216.5	400
19078535	216.5	400
19083536	216.5004	400
19088537	216.7464	400
19093538	216.75	400
19098539	216.9699	400
19103540	217	400
19108541	217	400
19113542	216.5605	400
19118543	217.2235	400
19123544	217.25	400
19128545	217.4703	400
19133546	217.4968	400
19138547	217.5	400
19143548	217.5036	400
19148549	217.75	400
19153550	217.75	400
19158551	217.9967	400
19163552	218	400
19168553	218	400
19173554	218.25	400
19178555	218.2468	400
19183556	218.2761	400
19188557	218.5	400
19193558	218.5	400
19198559	218.53	400
19203560	218.75	400
19208561	218.7532	400
19213562	218.9968	400
19218563	219	400
19223564	219.2468	400
19228565	219.25	400
19233566	219.0301	400
19238567	219.4999	400
19243568	219.5	400
19248569	219.7464	400
19253570	219.75	400
19258571	219.75	400
19263572	219.9999	400
19268573	219.9736	400
19273574	220.2434	400
19278575	220.2235	400
19283576	220.2532	400
19288577	220.25	400
19293578	220.5	400
19298579	220.5	400
19303580	220.6971	400
19308581	220.75	400
19313582	220.9203	400
19318583	221	400
19323584	221	400
19328585	221.25	400
19333586	221.25	400
19338587	221.4999	400
19343588	221.5	400
19348592	221.5	400
19353593	221.75	400
19358594	221.75	400
19363595	222	400
19368596	222	400
19373597	222.2236	400
19378598	222.25	400
19383599	222.25	400
19388600	222.4709	400
19393601	222.4936	400
19398602	222.7496	400
19403603	222.7204	400
19408604	222.75	400
19413605	222.9703	400
19418606	223	400
19423607	223.0004	400
19428608	223.2499	400
19433609	223.25	400
19438610	223.5	400
19443611	223.5	400
19448612	223.7464	400
19453613	223.75	400
19458614	223.7796	400
19463615	224	400
19468616	224	400
19473617	224.2464	400
19478618	224.25	400
19483619	224.4732	400
19488620	224.5	400
19493621	224.5265	400
19498622	224.75	400
19503623	224.75	400
19508624	225	400
19513625	225	400
19518626	225.0301	400
19523627	225.25	400
19528628	225.1442	400
19533629	225.5	400
19538630	225.5	400
19543631	225.75	400
19548632	225.75	400
19553633	225.75	400
19558634	226	400
19563635	226	400
19568636	226.03	400
19573637	226.25	400
19578638	226.5	400
19583639	226.5	400
19588640	226.5	400
19593641	226.75	400
19598642	226.9699	400
19603643	226.7764	400
19608644	227	400
19613645	227	400
19618646	227.25	400
19623647	227.4732	400
19628648	227.4735	400
19633649	227.5264	400
19638650	227.5268	400
19643651	227.75	400
19648652	227.75	400
19653653	228	400
19658654	228	400
19663655	228.25	400
19668656	228.2501	400
19673657	228.0569	400
19678658	228.5	400
19683659	228.7205	400
19688660	228.75	400
19693661	228.75	400
19698662	229	400
19703663	229	400
19708664	229.2499	400
19713665	229.25	400
19718666	229.25	400
19723667	229.4968	400
19728668	229.5	400
19733669	229.5297	400
19738670	229.7468	400
19743671	229.75	400
19748672	229.9996	400
19753673	230	400
19758674	230.0297	400
19763675	230.25	400
19768676	230.25	400
19773677	230.4736	400
19778678	230.5	400
19783679	230.5032	400
19788680	230.75	400
19793681	230.97	400
19798682	231	400
19803683	231.0032	400
19808684	231	400
19813685	231.25	400
19818686	231.4731	400
19823687	231.5	400
19828688	231.5	400
19833689	231.7496	400
19838690	231.75	400
19843691	231.9996	400
19848695	232	400
19853696	232	400
19858697	232.25	400
19863698	232.25	400
19868699	232.25	400
19873700	232.2536	400
19878701	232.5	400
19883702	232.5	400
19888703	232.7499	400
19893704	232.75	400
19898705	232.9996	400
19903706	233	400
19908707	233	400
19913708	233.25	400
19918709	233.25	400
19923710	233.4735	400
19928711	233.5	400
19933712	233.5264	400
19938713	233.75	400
19943714	233.9964	400
19948715	234	400
19953716	234	400
19958717	234.2203	400
19963718	234.224	400
19968719	234.25	400
19973720	234.2769	400
19978721	234.5	400
19983722	234.5036	400
19988723	234.75	400
19993724	234.7796	400
19998725	234.9996	400
20003726	235	400
20008727	235.0264	400
20013728	235.25	400
20018729	235.25	400
20023730	235.5	400
20028731	235.5	400
20033732	235.7199	400
20038733	235.75	400
20043734	235.75	400
20048735	235.9736	400
20053736	236	400
20058737	236	400
20063738	236	400
20068739	236.2764	400
20073740	236.2504	400
20078741	236.4732	400
20083742	236.5	400
20088743	236.7496	400
20093744	236.75	400
20098745	236.9699	400
20103746	236.9999	400
20108747	236.78	400
20113748	237	400
20118749	237.25	400
20123750	237.25	400
20128751	237.2503	400
20133752	237.4704	400
20138753	237.7199	400
20143754	237.5264	400
20148755	237.75	400
20153756	237.9731	400
20158757	238	400
20163758	238	400
20168759	238.0296	400
20173760	238.25	400
20178761	238.25	400
20183762	238.4736	400
20188763	238.4736	400
20193764	238.5	400
20198765	238.5036	400
20203766	238.75	400
20208767	238.7504	400
20213768	239	400
20218769	239	400
20223770	239	400
20228771	239.25	400
20233772	239.25	400
20238773	239.4703	400
20243774	239.4736	400
20248775	239.5	400
20253776	239.7236	400
20258777	239.75	400
20263778	239.75	400
20268779	239.9731	400
20273780	240	400
20278781	240	400
20283782	240.2468	400
20288783	240.25	400
20293784	240.2531	400
20298785	240.4968	400
20303786	240.5	400
20308787	240.7499	400
20313788	240.7499	400
20318789	240.9699	400
20323790	240.7764	400
20328791	241	400
20333792	241	400
20338793	241.2496	400
20343794	241.25	400
20348798	241.25	400
20353799	241.5	400
20358800	241.5	400
20363801	241.5	400
20368802	241.7496	400
20373803	241.75	400
20378804	241.75	400
20383805	241.9735	400
20388806	241.7769	400
20393807	242	400
20398808	241.9999	400
20403809	242.2496	400
20408810	242.25	400
20413811	242.4699	400
20418812	242.28	400
20423813	242.5	400
20428814	242.75	400
20433815	242.75	400
20438816	242.75	400
20443817	242.78	400
20448818	243	400
20453819	243.0264	400
20458820	243.25	400
20463821	243.25	400
20468822	243.4699	400
20473823	243.5	400
20478824	243.5	400
20483825	243.5	400
20488826	243.75	400
20493827	243.75	400
20498828	243.75	400
20503829	243.9736	400
20508830	244	400
20513831	243.974	400
20518832	244.25	400
20523833	244.25	400
20528834	244.5	400
20533835	244.5	400
20538836	244.5	400
20543837	244.7209	400
20548838	244.75	400
20553839	244.75	400
20558840	244.9705	400
20563841	245	400
20568842	245	400
20573843	245.2465	400
20578844	245.2236	400
20583845	245.25	400
20588846	245.2761	400
20593847	245.4964	400
20598848	245.5	400
20603849	245.7496	400
20608850	245.75	400
20613851	245.75	400
20618852	245.7765	400
20623853	246	400
20628854	246	400
20633855	246.0269	400
20638856	246.0295	400
20643857	246.25	400
20648858	246.25	400
20653859	246.5	400
20658860	246.5	400
20663861	246.5	400
20668862	246.5036	400
20673863	246.75	400
20678864	246.75	400
20683865	246.7797	400
20688866	247	400
20693867	247.0264	400
20698868	247.0296	400
20703869	247.25	400
20708870	247.4704	400
20713871	247.4996	400
20718872	247.5	400
20723873	247.5	400
20728874	247.7231	400
20733875	247.75	400
20738876	247.75	400
20743877	247.9996	400
20748878	247.9968	400
20753879	248	400
20758880	248	400
20763881	248.25	400
20768882	248.25	400
20773883	248.25	400
20778884	248.5	400
20783886	248.5	400
20788887	248.5	400
20793888	248.5004	400
20798889	248.75	400
20803890	248.75	400
20808891	249	400
20813892	249	400
20818893	249	400
20823894	249	400
20828895	249.0264	400
20833896	249.25	400
20838897	249.2235	400
20843898	249.2769	400
20848902	249.4968	400
20853903	249.5	400
20858904	249.5	400
20863905	249.7231	400
20868906	249.75	400
20873907	249.75	400
20878908	249.7536	400
20883909	249.9999	400
20888910	250	400
20893911	250.026	400
20898912	250.25	400
20903913	250.25	400
20908914	250.4964	400
20913915	250.5	400
20918916	250.5	400
20923917	250.7469	400
20928918	250.75	400
20933919	250.75	400
20938920	250.75	400
20943921	251	400
20948922	250.7801	400
20953923	251	400
20958924	251.0032	400
20963925	251.2496	400
20968926	251.25	400
20973927	251.0301	400
20978928	251.5	400
20983929	251.4996	400
20988930	251.5	400
20993931	251.5	400
20998932	251.7496	400
21003933	251.75	400
21008934	251.75	400
21013935	251.7795	400
21018936	252	400
21023937	252	400
21028938	252	400
21033939	252.2496	400
21038940	252.25	400
21043941	252.2797	400
21048942	252.5	400
21053943	252.5	400
21058944	252.5	400
21063945	252.7464	400
21068946	252.75	400
21073947	252.75	400
21078948	252.75	400
21083949	252.9735	400
21088950	253	400
21093951	253	400
21098952	253	400
21103953	253.0036	400
21108954	253.2496	400
21113955	253.25	400
21118956	253.4699	400
21123957	253.5	400
21128958	253.5	400
21133959	253.7464	400
21138960	253.75	400
21143961	253.75	400
21148962	253.7501	400
21153963	253.75	400
21158964	253.7535	400
21163965	254	400
21168966	254.0264	400
21173967	254	400
21178968	254.0296	400
21183969	254.03	400
21188970	254.4699	400
21193971	254.28	400
21198972	254.5	400
21203973	254.75	400
21208974	254.7496	400
21213975	254.75	400
21218976	254.75	400
21223977	254.75	400
21228978	254.7796	400
21233979	255	400
21238980	255	400
21243981	255.2199	400
21248982	255.2236	400
21253983	255.25	400
21258984	255.25	400
21263985	255.4736	400
21268986	255.5	400
21273987	255.5	400
21278988	255.5	400
21283989	255.53	400
21288990	255.7235	400
21293991	255.75	400
21298992	255.75	400
21303993	255.7531	400
21308994	255.7764	400
21313995	256	400
21318996	256	400
21323997	256.2464	400
21328998	256.2468	400
21333999	256.25	400
21339000	256.25	400
21344001	256.2768	400
21349005	256.5	400
21354006	256.5	400
21359007	256.7205	400
21364008	256.5	400
21369009	256.75	400
21374010	256.75	400
21379011	256.75	400
21384012	256.7535	400
21389013	256.7801	400
21394014	257	400
21399015	257	400
21404016	257.2468	400
21409017	257.0268	400
21414018	257.25	400
21419019	257.25	400
21424020	257.25	400
21429021	257.2796	400
21434022	257.4996	400
21439023	257.5	400
21444024	257.5268	400
21449025	257.7499	400
21454026	257.75	400
21459027	257.75	400
21464028	257.7764	400
21469029	257.9996	400
21474030	257.9968	400
21479031	258	400
21484032	258.0032	400
21489033	258.2496	400
21494034	258.25	400
21499035	258.25	400
21504036	258.25	400
21509037	258.03	400
21514038	258.5	400
21519039	258.5	400
21524040	258.5	400
21529041	258.5	400
21534042	258.5	400
21539043	258.75	400
21544044	258.75	400
21549045	258.75	400
21554046	258.7765	400
21559047	259	400
21564048	259	400
21569049	258.9968	400
21574050	259.0032	400
21579051	259.2499	400
21584052	259.25	400
21589053	259.25	400
21594054	259.4699	400
21599055	259.447	400
21604056	259.5	400
21609057	259.5	400
21614058	259.7199	400
21619059	259.75	400
21624060	259.75	400
21629061	259.75	400
21634062	259.97	400
21639063	260	400
21644064	260	400
21649065	260	400
21654066	260	400
21659067	260.2499	400
21664068	260.25	400
21669069	260.25	400
21674070	260.25	400
21679071	260.25	400
21684072	260.5	400
21689073	260.5	400
21694074	260.5	400
21699075	260.5	400
21704076	260.7527	400
21709077	260.75	400
21714079	260.75	400
21719080	260.9705	400
21724081	260.7765	400
21729082	261	400
21734083	260.7791	400
21739084	261	400
21744085	261	400
21749086	261.0264	400
21754087	261.25	400
21759088	261.25	400
21764089	261.47	400
21769090	261.4736	400
21774091	261.5	400
21779092	261.5	400
21784093	261.72	400
21789094	261.53	400
21794095	261.75	400
21799096	261.75	400
21804097	261.7532	400
21809098	261.7535	400
21814099	261.78	400
21819100	262	400
21824101	262.0004	400
21829102	262.2496	400
21834103	262.0269	400
21839104	262.25	400
21844105	262.25	400
21849109	262.2504	400
21854110	262.5	400
21859111	262.5	400
21864112	262.5	400
21869113	262.5	400
21874114	262.5264	400
21879115	262.5004	400
21884116	262.75	400
21889117	262.75	400
21894118	262.7496	400
21899119	262.7796	400
21904120	262.7737	400
21909121	263	400
21914122	262.8414	400
21919123	263	400
21924124	263.0032	400
21929125	263.2496	400
21934126	263.25	400
21939127	263.25	400
21944128	263.2504	400
21949129	263.47	400
21954130	263.5	400
21959131	263.5	400
21964132	263.5	400
21969133	263.5004	400
21974134	263.75	400
21979135	263.75	400
21984136	263.75	400
21989137	263.7764	400
21994139	263.75	400
21999140	263.8414	400
22004141	264	400
22009142	264	400
22014143	264	400
22019144	264.2231	400
22024145	264.03	400
22029146	264.25	400
22034147	264.25	400
22039148	264.4968	400
22044149	264.5	400
22049150	264.5	400
22054151	264.5	400
22059152	264.5	400
22064153	264.5004	400
22069154	264.75	400
22074155	264.75	400
22079156	264.75	400
22084157	264.9731	400
22089158	264.5601	400
22094159	265	400
22099160	265	400
22104161	265	400
22109162	265.0265	400
22114163	265.22	400
22119164	265.25	400
22124165	265.25	400
22129166	265.4699	400
22134167	265.25	400
22139168	265.2532	400
22144169	265.4732	400
22149170	265.5	400
22154171	265.5	400
22159172	265.5	400
22164173	265.7499	400
22169174	265.75	400
22174175	265.53	400
22179176	265.97	400
22184178	265.7504	400
22189179	266	400
22194180	266	400
22199181	266	400
22204182	266	400
22209183	266.03	400
22214184	266.25	400
22219185	266.25	400
22224186	266.25	400
22229187	266.25	400
22234188	266.5	400
22239189	266.5	400
22244190	266.5	400
22249191	266.5	400
22254192	266.5	400
22259193	266.5268	400
22264194	266.75	400
22269195	266.75	400
22274196	266.75	400
22279197	266.9964	400
22284198	266.9736	400
22289199	266.9904	400
22294200	267	400
22299201	267	400
22304202	267.0004	400
22309203	267.2496	400
22314204	267.25	400
22319205	267.25	400
22324206	267.5	400
22329207	267.4968	400
22334208	267.5	400
22339209	267.5	400
22344210	267.4904	400
22349214	267.7468	400
22354215	267.75	400
22359216	267.75	400
22364217	267.75	400
22369218	267.75	400
22374219	267.75	400
22379220	268	400
22384221	268	400
22389222	268	400
22394223	268	400
22399224	268.0032	400
22404225	268.2468	400
22409226	268.2468	400
22414227	268.25	400
22419228	268.25	400
22424229	268.25	400
22429231	268.2501	400
22434232	268.4968	400
22439233	268.5	400
22444234	268.5	400
22449235	268.5	400
22454236	268.5	400
22459237	268.75	400
22464238	268.7236	400
22469239	268.75	400
22474240	268.776	400
22479241	268.75	400
22484242	268.7536	400
22489243	269	400
22494244	269	400
22499245	269	400
22504246	269.25	400
22509247	269.2232	400
22514248	269.25	400
22519249	269.25	400
22524250	269.25	400
22529251	269.2765	400
22534252	269.4996	400
22539253	269.5	400
22544254	269.5	400
22549255	269.5	400
22554256	269.5	400
22559257	269.5268	400
22564258	269.5268	400
22569259	269.7496	400
22574260	269.75	400
22579261	269.75	400
22584262	269.75	400
22589263	269.75	400
22594264	269.9968	400
22599265	269.9996	400
22604266	270	400
22609267	270	400
22614268	270	400
22619269	270.0004	400
22624270	270.2464	400
22629271	270.25	400
22634272	270.25	400
22639273	270.25	400
22644274	270.25	400
22649275	270.4999	400
22654276	270.2801	400
22659277	270.5	400
22664278	270.5	400
22669279	270.5	400
22674280	270.5	400
22679281	270.5265	400
22684282	270.75	400
22689283	270.75	400
22694284	270.75	400
22699285	270.7797	400
22704286	271	400
22709287	271	400
22714288	271	400
22719289	271	400
22724290	271.0264	400
22729291	271.2236	400
22734292	271.25	400
22739293	271.25	400
22744294	271.25	400
22749295	271.2532	400
22754296	271.2532	400
22759297	271.5	400
22764298	271.5	400
22769299	271.5	400
22774300	271.5	400
22779301	271.5	400
22784302	271.75	400
22789303	271.7236	400
22794304	271.6971	400
22799305	271.75	400
22804306	271.9968	400
22809307	272	400
22814308	272	400
22819309	272	400
22824310	272	400
22829311	271.9771	400
22834312	272.2496	400
22839313	272.25	400
22844314	272.25	400
22849318	272.25	400
22854319	272.25	400
22859320	272.25	400
22864321	272.2768	400
22869322	272.4968	400
22874323	272.5	400
22879324	272.5	400
22884325	272.5	400
22889326	272.72	400
22894327	272.5004	400
22899328	272.75	400
22904329	272.75	400
22909330	272.75	400
22914331	272.9435	400
22919332	273	400
22924333	272.7535	400
22929334	273	400
22934335	273	400
22939336	273	400
22944337	273.0001	400
22949338	273.2235	400
22954339	273.25	400
22959340	273.25	400
22964341	273.25	400
22969342	273.47	400
22974343	273.5	400
22979344	273.4968	400
22984345	273.5	400
22989346	273.5	400
22994347	273.7231	400
22999348	273.75	400
23004349	273.75	400
23009350	273.75	400
23014351	273.75	400
23019352	273.75	400
23024353	273.75	400
23029354	273.9999	400
23034355	274	400
23039356	274	400
23044357	274	400
23049358	274	400
23054359	274.2496	400
23059360	274.0297	400
23064361	274.25	400
23069362	274.25	400
23074363	274.25	400
23079364	274.25	400
23084365	274.4968	400
23089366	274.4968	400
23094367	274.5	400
23099368	274.5	400
23104369	274.5	400
23109370	274.5	400
23114371	274.5	400
23119372	274.7235	400
23124373	274.7235	400
23129374	274.75	400
23134375	274.3101	400
23139376	274.9964	400
23144377	274.7768	400
23149378	274.7797	400
23154379	275	400
23159380	275	400
23164381	275	400
23169382	275	400
23174383	275.0296	400
23179384	275.25	400
23184385	275.2496	400
23189386	275.25	400
23194387	275.25	400
23199388	275.25	400
23204389	275.25	400
23209390	275.2504	400
23214391	275.2536	400
23219392	275.5	400
23224393	275.5	400
23229394	275.5	400
23234395	275.5264	400
23239396	275.5	400
23244397	275.75	400
23249398	275.75	400
23254399	275.75	400
23259400	275.53	400
23264401	275.75	400
23269402	275.7536	400
23274403	275.9968	400
23279404	276	400
23284405	276	400
23289406	276	400
23294407	276	400
23299408	276.2496	400
23304409	276.0004	400
23309410	276.25	400
23314411	276.25	400
23319412	276.25	400
23324413	276.2797	400
23329414	276.4964	400
23334415	276.5	400
23339416	276.4736	400
23344417	276.5	400
23349421	276.5001	400
23354422	276.75	400
23359423	276.75	400
23364424	276.75	400
23369425	276.75	400
23374426	276.75	400
23379427	276.7801	400
23384428	276.9996	400
23389429	277	400
23394430	276.9999	400
23399431	277	400
23404432	277.0265	400
23409433	277.2496	400
23414434	277.2499	400
23419435	277.25	400
23424436	277.25	400
23429437	277.25	400
23434438	277.25	400
23439439	277.4968	400
23444440	277.5	400
23449441	277.5	400
23454442	277.5	400
23459443	277.5	400
23464444	277.5001	400
23469445	277.7496	400
23474446	277.7232	400
23479447	277.75	400
23484448	277.5301	400
23489449	277.75	400
23494450	277.7504	400
23499451	277.9996	400
23504452	277.9736	400
23509453	278	400
23514454	278	400
23519455	278	400
23524456	278	400
23529457	278.2199	400
23534458	278.25	400
23539459	278.2469	400
23544460	278.25	400
23549461	278.25	400
23554462	278.25	400
23559463	278.5	400
23564464	278.3942	400
23569465	278.5	400
23574466	278.5	400
23579467	278.5	400
23584468	278.5	400
23589469	278.7499	400
23594470	278.5297	400
23599471	278.75	400
23604472	278.75	400
23609473	278.7764	400
23614474	278.9736	400
23619475	278.9996	400
23624476	278.78	400
23629477	279	400
23634478	279	400
23639479	279	400
23644480	279	400
23649481	279.0036	400
23654482	279.25	400
23659483	279.25	400
23664484	279.25	400
23669485	279.25	400
23674486	279.25	400
23679487	279.4703	400
23684488	279.2536	400
23689489	279.5	400
23694490	279.5	400
23699491	279.7199	400
23704492	279.5035	400
23709493	279.5264	400
23714494	279.75	400
23719495	279.75	400
23724496	279.75	400
23729497	279.53	400
23734498	279.75	400
23739499	279.7535	400
23744500	279.9968	400
23749501	280	400
23754502	279.9735	400
23759503	280	400
23764504	280	400
23769505	280.2468	400
23774506	280.224	400
23779507	280.25	400
23784508	280.25	400
23789509	280.25	400
23794510	280.25	400
23799511	280.2501	400
23804512	280.5	400
23809513	280.5	400
23814514	280.5	400
23819515	280.5	400
23824516	280.5	400
23829517	280.5	400
23834518	280.5	400
23839519	280.7199	400
23844520	280.7199	400
23849524	280.75	400
23854525	280.5269	400
23859526	280.75	400
23864527	280.75	400
23869528	280.75	400
23874529	280.9731	400
23879530	280.9999	400
23884531	281	400
23889532	281	400
23894533	281.0001	400
23899534	281.0031	400
23904535	281.25	400
23909536	281.25	400
23914537	281.25	400
23919538	281.2764	400
23924539	281.4968	400
23929540	281.5	400
23934541	281.5	400
23939542	281.5	400
23944543	281.5	400
23949544	281.5	400
23954545	281.0601	400
23959546	281.5	400
23964547	281.724	400
23969548	281.75	400
23974549	281.75	400
23979550	281.7468	400
23984551	281.75	400
23989552	281.75	400
23994553	281.7764	400
23999554	281.9735	400
24004555	282	400
24009556	282	400
24014557	282	400
24019558	282	400
24024559	281.5601	400
24029560	282.0264	400
24034561	282.2496	400
24039562	282.25	400
24044563	282.25	400
24049564	282.25	400
24054565	282.25	400
24059566	282.25	400
24064567	282.2764	400
24069568	282.47	400
24074569	282.5	400
24079570	282.5	400
24084571	282.5	400
24089572	282.5	400
24094573	282.5	400
24099574	282.5264	400
24104575	282.7464	400
24109576	282.75	400
24114577	282.75	400
24119578	282.75	400
24124579	282.75	400
24129580	282.7503	400
24134581	282.0905	400
24139582	283	400
24144583	283	400
24149584	283	400
24154585	283	400
24159586	283	400
24164587	283.0296	400
24169588	283.03	400
24174589	283.25	400
24179590	283.25	400
24184591	283.25	400
24189592	283.25	400
24194593	283.25	400
24199594	283.5	400
24204595	283.4964	400
24209596	283.5	400
24214597	283.5	400
24219598	283.5	400
24224599	283.5	400
24229600	283.7199	400
24234601	283.5036	400
24239602	283.7499	400
24244603	283.75	400
24249604	283.75	400
24254605	283.7504	400
24259606	283.97	400
24264607	284	400
24269608	283.9996	400
24274609	284	400
24279610	284	400
24284611	284	400
24289612	284	400
24294613	284.2203	400
24299614	284.25	400
24304615	284.2468	400
24309616	284.25	400
24314617	284.25	400
24319618	284.25	400
24324619	284.25	400
24329620	284.4964	400
24334621	284.2501	400
24339622	284.4999	400
24344623	284.5	400
24349627	284.5	400
24354628	284.5	400
24359629	284.5	400
24364630	284.5032	400
24369631	284.72	400
24374632	284.75	400
24379633	284.75	400
24384634	284.75	400
24389635	284.75	400
24394636	284.75	400
24399637	284.75	400
24404638	284.7532	400
24409639	284.9704	400
24414640	284.78	400
24419641	285	400
24424642	284.9207	400
24429643	285	400
24434644	285	400
24439645	285	400
24444646	285.22	400
24449647	285.0032	400
24454648	285.25	400
24459649	285.2235	400
24464650	285.25	400
24469651	285.25	400
24474652	285.4731	400
24479653	285.2769	400
24484654	284.8137	400
24489655	285.5	400
24494656	285.4736	400
24499657	285.5	400
24504658	285.5	400
24509659	285.5	400
24514660	285.28	400
24519661	285.5	400
24524662	285.5032	400
24529663	285.53	400
24534664	285.724	400
24539665	285.7236	400
24544666	285.75	400
24549667	285.75	400
24554668	285.75	400
24559669	285.75	400
24564670	285.97	400
24569671	285.7504	400
24574672	285.7769	400
24579673	286	400
24584674	286	400
24589675	286	400
24594676	286	400
24599677	286	400
24604678	286	400
24609679	286.2496	400
24614680	286.2236	400
24619681	286.2499	400
24624682	286.2236	400
24629683	286.25	400
24634684	286.25	400
24639685	286.25	400
24644686	286.25	400
24649687	286.25	400
24654688	286.5	400
24659689	286.2769	400
24664690	286.5	400
24669691	286.5	400
24674692	285.6202	400
24679693	286.5	400
24684694	286.5001	400
24689695	286.5268	400
24694696	286.5268	400
24699697	286.75	400
24704698	286.7468	400
24709699	286.75	400
24714700	286.75	400
24719701	286.75	400
24724702	286.75	400
24729703	286.75	400
24734704	286.9999	400
24739705	287	400
24744706	287	400
24749707	287	400
24754708	287	400
24759709	287	400
24764710	287.0004	400
24769711	287.2236	400
24774712	287.2496	400
24779713	287.25	400
24784714	287.03	400
24789715	287.25	400
24794716	287.25	400
24799717	287.25	400
24804718	287.25	400
24809719	287.25	400
24814720	287.2769	400
24819721	287.4996	400
24824722	287.5	400
24829723	287.5	400
24834724	287.5	400
24839725	287.5	400
24844726	287.72	400
24849730	287.5004	400
24854731	287.75	400
24859732	287.75	400
24864733	287.7499	400
24869734	287.75	400
24874735	287.75	400
24879736	287.9699	400
24884737	287.7764	400
24889738	287.7504	400
24894739	287.7501	400
24899740	287.9708	400
24904741	288	400
24909742	288	400
24914743	288	400
24919744	288	400
24924745	288	400
24929746	288	400
24934747	288.2464	400
24939748	288.0032	400
24944749	288.0036	400
24949750	288.2468	400
24954751	288.2468	400
24959752	288.25	400
24964753	288.25	400
24969754	288.25	400
24974755	288.25	400
24979756	288.25	400
24984757	288.4736	400
24989758	288.4999	400
24994759	288.5	400
24999760	288.5	400
25004761	288.5	400
25009762	288.28	400
25014763	288.5268	400
25019764	288.7204	400
25024765	288.53	400
25029766	288.53	400
25034767	288.75	400
25039768	288.75	400
25044769	288.7504	400
25049770	288.7536	400
25054771	288.9999	400
25059772	288.9736	400
25064773	288.9968	400
25069774	289	400
25074775	289	400
25079776	289	400
25084777	289	400
25089778	289.2464	400
25094779	289.0264	400
25099780	289.2235	400
25104781	289.25	400
25109782	289.2464	400
25114783	289.25	400
25119784	289.25	400
25124785	289.25	400
25129786	289.25	400
25134787	289.2764	400
25139788	289.4735	400
25144789	289.4995	400
25149790	289.5	400
25154791	289.5	400
25159792	289.5	400
25164793	289.5	400
25169794	289.5264	400
25174795	289.5036	400
25179796	289.7496	400
25184797	289.5036	400
25189798	289.75	400
25194799	289.75	400
25199800	289.7236	400
25204801	289.75	400
25209802	289.75	400
25214803	289.9999	400
25219804	289.7764	400
25224805	290	400
25229806	290	400
25234807	290	400
25239808	290	400
25244809	290	400
25249810	290	400
25254811	290	400
25259812	290.25	400
25264813	290.2203	400
25269814	290.25	400
25274815	290.25	400
25279816	290.25	400
25284817	290.25	400
25289818	290.25	400
25294819	290.25	400
25299820	290.25	400
25304821	290.4996	400
25309822	290.4965	400
25314823	290.5	400
25319824	290.2801	400
25324825	290.5	400
25329826	290.5	400
25334827	290.28	400
25339828	290.5	400
25344829	290.7199	400
25349833	290.75	400
25354834	290.7231	400
25359835	290.75	400
25364836	290.724	400
25369837	290.75	400
25374838	290.75	400
25379839	290.75	400
25384840	290.75	400
25389841	290.75	400
25394842	291	400
25399843	290.7501	400
25404844	290.78	400
25409845	290.78	400
25414846	291	400
25419847	291	400
25424848	291	400
25429849	291	400
25434850	291	400
25439851	291	400
25444852	290.78	400
25449853	291.2464	400
25454854	291.2468	400
25459855	291.25	400
25464856	291.0269	400
25469857	291.25	400
25474858	291.25	400
25479859	291.25	400
25484860	291.25	400
25489861	291.25	400
25494862	291.25	400
25499863	291.2504	400
25504864	291.4732	400
25509865	291.2536	400
25514866	291.5	400
25519867	291.5	400
25524868	291.5	400
25529869	291.5	400
25534870	291.5	400
25539871	291.5	400
25544872	291.7195	400
25549873	291.5035	400
25554874	291.5032	400
25559875	291.75	400
25564876	291.75	400
25569877	291.7235	400
25574878	291.75	400
25579879	291.75	400
25584880	291.75	400
25589881	291.75	400
25594882	291.75	400
25599883	291.75	400
25604884	291.9703	400
25609885	291.7768	400
25614886	291.9996	400
25619887	292	400
25624888	292	400
25629889	292	400
25634890	291.9471	400
25639891	292	400
25644892	292	400
25649893	292	400
25654894	292	400
25659895	292.2235	400
25664896	292.0265	400
25669897	292.2499	400
25674898	292.25	400
25679899	292.2468	400
25684900	292.25	400
25689901	292.0301	400
25694902	292.25	400
25699903	292.25	400
25704904	292.25	400
25709905	292.25	400
25714906	292.4996	400
25719907	292.2535	400
25724908	292.5	400
25729909	292.5	400
25734910	292.4735	400
25739911	292.5	400
25744912	292.5	400
25749913	292.5	400
25754914	292.5	400
25759915	292.7464	400
25764916	292.7231	400
25769917	292.5035	400
25774918	292.75	400
25779919	292.7468	400
25784920	292.75	400
25789921	292.75	400
25794922	292.7468	400
25799923	292.75	400
25804924	292.9964	400
25809925	292.7501	400
25814926	292.9964	400
25819927	293	400
25824928	292.9937	400
25829929	293	400
25834930	293	400
25839931	293	400
25844932	293	400
25849936	293.0264	400
25854937	293.0001	400
25859938	293.2496	400
25864939	293.25	400
25869940	293.2499	400
25874941	293.25	400
25879942	293.47	400
25884943	293.25	400
25889944	293.25	400
25894945	293.25	400
25899946	293.25	400
25904947	293.25	400
25909948	293.4968	400
25914949	293.2236	400
25919950	293.5	400
25924951	293.5	400
25929952	293.5	400
25934953	293.5	400
25939954	293.5	400
25944955	293.5296	400
25949956	293.7464	400
25954957	293.724	400
25959958	293.72	400
25964959	293.75	400
25969960	293.75	400
25974961	293.75	400
25979962	293.75	400
25984963	293.75	400
25989964	293.75	400
25994965	293.75	400
25999966	293.7532	400
26004967	293.7501	400
26009968	293.9735	400
26014969	293.9731	400
26019970	294	400
26024971	294	400
26029972	294	400
26034973	294	400
26039974	294	400
26044975	294	400
26049976	294	400
26054977	294.0036	400
26059978	294	400
26064979	294.25	400
26069980	294.224	400
26074981	294.25	400
26079982	294.25	400
26084983	294.25	400
26089984	294.25	400
26094985	293.8101	400
26099986	294.2501	400
26104987	294.47	400
26109988	294.2532	400
26114989	294.28	400
26119990	294.4968	400
26124991	294.2769	400
26129992	294.5	400
26134993	294.5	400
26139994	294.4996	400
26144995	294.5	400
26149996	294.5	400
26154997	294.5	400
26159998	294.5	400
26164999	294.7499	400
26170000	294.7496	400
26175001	294.75	400
26180002	294.75	400
26185003	294.75	400
26190004	294.75	400
26195005	294.75	400
26200006	294.75	400
26205007	294.75	400
26210008	294.75	400
26215009	294.75	400
26220010	294.7769	400
26225011	294.9704	400
26230012	294.9996	400
26235013	295	400
26240014	294.9735	400
26245015	295	400
26250016	295	400
26255017	295	400
26260018	295	400
26265019	295	400
26270020	295.0264	400
26275021	295	400
26280022	295.2231	400
26285023	294.9771	400
26290024	295.0301	400
26295025	295.25	400
26300026	295.25	400
26305027	295.25	400
26310028	295.25	400
26315029	295.25	400
26320030	295.25	400
26325031	295.25	400
26330032	295.25	400
26335033	295.2504	400
26340034	295.2766	400
26345035	295.5	400
26350039	295.5	400
26355040	295.5	400
26360041	295.28	400
26365042	295.5	400
26370043	295.5	400
26375044	295.4968	400
26380045	295.72	400
26385046	295.72	400
26390047	295.75	400
26395048	295.5036	400
26400049	295.75	400
26405050	295.75	400
26410051	295.75	400
26415052	295.75	400
26420053	294.6502	400
26425054	295.9699	400
26430055	295.75	400
26435056	295.9735	400
26440057	295.7504	400
26445058	295.97	400
26450059	295.7536	400
26455060	295.9999	400
26460061	295.9999	400
26465062	295.9999	400
26470063	295.9999	400
26475064	295.9999	400
26480065	295.9999	400
26485066	296	400
26490067	296.2468	400
26495068	296.0003	400
26500069	296.2765	400
26505070	296.2239	400
26510071	296.25	400
26515072	296.25	400
26520073	296.25	400
26525074	295.8101	400
26530075	296.47	400
26535076	296.4964	400
26540077	296.2501	400
26545078	296.2501	400
26550079	296.5	400
26555080	296.4996	400
26560081	296.5	400
26565082	296.4968	400
26570083	296.5	400
26575084	296.5	400
26580085	296.5	400
26585086	296.5004	400
26590087	296.5	400
26595088	296.5	400
26600089	296.5	400
26605090	296.5	400
26610091	296.7199	400
26615092	296.7203	400
26620093	296.7468	400
26625094	296.7499	400
26630095	296.75	400
26635096	296.0901	400
26640097	296.7499	400
26645098	296.7499	400
26650099	296.75	400
26655100	296.7499	400
26660101	296.75	400
26665102	296.9705	400
26670103	296.78	400
26675104	296.9968	400
26680105	296.9968	400
26685106	296.7536	400
26690107	297	400
26695108	297	400
26700109	297	400
26705110	297	400
26710111	297	400
26715112	297	400
26720113	296.9736	400
26725114	297.0004	400
26730115	297.0001	400
26735116	297.2465	400
26740117	297.25	400
26745118	297.25	400
26750119	297.25	400
26755120	297.25	400
26760121	297.25	400
26765122	297.25	400
26770123	297.25	400
26775124	297.25	400
26780125	297.2764	400
26785126	297.4734	400
26790127	297.4731	400
26795128	297.4999	400
26800129	297.4968	400
26805130	297.4999	400
26810131	297.4999	400
26815132	297.4999	400
26820133	297.4999	400
26825134	297.4999	400
26830135	297.4999	400
26835136	297.4999	400
26840137	297.7203	400
26845138	297.5269	400
26850142	297.75	400
26855143	297.53	400
26860144	297.75	400
26865145	297.75	400
26870146	297.75	400
26875147	297.75	400
26880148	297.75	400
26885149	297.75	400
26890150	297.7468	400
26895151	297.75	400
26900152	297.97	400
26905153	297.9735	400
26910154	297.9704	400
26915155	297.9999	400
26920156	298	400
26925157	298	400
26930158	298	400
26935159	298	400
26940160	298	400
26945161	298	400
26950162	298.0266	400
26955163	298.0032	400
26960164	298.03	400
26965165	298.2499	400
26970166	298.2496	400
26975167	298.25	400
26980168	298.2499	400
26985169	298.2496	400
26990170	298.2499	400
26995171	298.25	400
27000172	298.2499	400
27005173	298.2503	400
27010174	298.25	400
27015175	298.4988	400
27020176	298.5	400
27025177	298.4968	400
27030178	298.5004	400
27035179	298.4471	400
27040180	298.5	400
27045181	298.4968	400
27050182	298.5	400
27055183	298.5	400
27060184	298.5	400
27065185	298.5	400
27070186	298.5032	400
27075187	298.5	400
27080188	298.5	400
27085189	298.7499	400
27090190	298.5269	400
27095191	298.7499	400
27100192	298.7236	400
27105193	298.75	400
27110194	298.75	400
27115195	298.75	400
27120196	298.6971	400
27125197	298.7765	400
27130198	298.75	400
27135199	298.75	400
27140200	298.9735	400
27145201	298.7769	400
27150202	298.9999	400
27155203	298.7797	400
27160204	299	400
27165205	299	400
27170206	298.9735	400
27175207	298.7801	400
27180208	299	400
27185209	299	400
27190210	299	400
27195211	299	400
27200212	299	400
27205213	299	400
27210214	299.0004	400
27215215	299.0264	400
27220216	299.0265	400
27225217	299.0032	400
27230218	299.2468	400
27235219	299.25	400
27240220	299.25	400
27245221	299.25	400
27250222	299.25	400
27255223	299.25	400
27260224	299.25	400
27265225	299.25	400
27270226	299.25	400
27275227	299.25	400
27280228	299.25	400
27285229	299.4996	400
27290230	299.2801	400
27295231	299.47	400
27300232	299.2801	400
27305233	299.4999	400
27310234	299.5	400
27315235	299.5	400
27320236	299.5	400
27325237	299.5	400
27330238	299.5	400
27335239	299.5	400
27340240	299.5	400
27345241	299.5	400
27350245	299.5	400
27355246	299.7236	400
27360247	299.72	400
27365248	299.75	400
27370249	299.7236	400
27375250	299.75	400
27380251	299.75	400
27385252	299.75	400
27390253	299.75	400
27395254	299.75	400
27400255	299.75	400
27405256	299.9705	400
27410257	299.7532	400
27415258	299.75	400
27420259	299.776	400
27425260	299.7536	400
27430261	299.9732	400
27435262	299.78	400
27440263	300	400
27445264	300	400
27450265	299.9996	400
27455266	300	400
27460267	300	400
27465268	300	400
27470269	300.0001	400
27475270	300	400
27480271	300	400
27485272	300.0001	400
27490273	300.25	400
27495274	299.8101	400
27500275	300.25	400
27505276	300.2496	400
27510277	300.25	400
27515278	300.25	400
27520279	300.25	400
27525280	300.25	400
27530281	300.25	400
27535282	300.25	400
27540283	300.25	400
27545284	300.4968	400
27550285	300.2501	400
27555286	300.4968	400
27560287	300.4968	400
27565288	300.4736	400
27570289	300.5	400
27575290	300.5	400
27580291	300.5	400
27585292	300.5	400
27590293	300.5	400
27595294	300.5	400
27600295	300.5264	400
27605296	300.5	400
27610297	300.5296	400
27615298	300.5004	400
27620299	300.75	400
27625300	300.7235	400
27630301	300.724	400
27635302	300.75	400
27640303	300.75	400
27645304	300.78	400
27650305	300.75	400
27655306	300.9999	400
27660307	300.9968	400
27665308	300.9999	400
27670309	301	400
27675310	301	400
27680311	301	400
27685312	301	400
27690313	301.2464	400
27695314	301	400
27700315	301.0264	400
27705316	301.0296	400
27710317	301.2468	400
27715318	301.22	400
27720319	301.0036	400
27725320	301.2236	400
27730321	301.2468	400
27735322	301.0301	400
27740323	301.25	400
27745324	301.25	400
27750325	301.25	400
27755326	301.25	400
27760327	301.25	400
27765328	301.2765	400
27770329	301.2535	400
27775330	301.5	400
27780331	301.4704	400
27785332	301.2761	400
27790333	301.4996	400
27795334	301.4968	400
27800335	301.5	400
27805336	301.5	400
27810337	301.5	400
27815338	301.5	400
27820339	301.5	400
27825340	301.28	400
27830341	301.5	400
27835342	301.5	400
27840343	301.5	400
27845344	301.5032	400
27850348	301.5	400
27855349	301.5	400
27860350	301.5004	400
27865351	301.5004	400
27870352	301.5036	400
27875353	301.7499	400
27880354	301.75	400
27885355	301.7464	400
27890356	301.75	400
27895357	301.75	400
27900358	301.75	400
27905359	301.75	400
27910360	301.75	400
27915361	301.75	400
27920362	301.75	400
27925363	301.75	400
27930364	301.7504	400
27935365	301.7536	400
27940366	301.7504	400
27945367	302	400
27950368	302	400
27955369	302	400
27960370	302	400
27965371	302	400
27970372	302	400
27975373	302	400
27980374	302	400
27985375	302	400
27990376	302	400
27995377	302	400
28000378	302	400
28005379	302.0036	400
28010380	302.25	400
28015381	302.2496	400
28020382	302.25	400
28025383	302.25	400
28030384	302.25	400
28035385	302.25	400
28040386	302.25	400
28045387	302.25	400
28050388	302.25	400
28055389	302.25	400
28060390	302.25	400
28065391	302.25	400
28070392	302.2504	400
28075393	302.4735	400
28080394	302.2801	400
28085395	302.28	400
28090396	302.5	400
28095397	302.5	400
28100398	302.5	400
28105399	302.4968	400
28110400	302.5	400
28115401	302.5	400
28120402	302.5	400
28125403	302.5	400
28130404	302.5	400
28135405	302.5	400
28140406	302.5	400
28145407	302.7236	400
28150408	302.5036	400
28155409	302.75	400
28160410	302.5301	400
28165411	302.75	400
28170412	302.97	400
28175413	302.75	400
28180414	302.75	400
28185415	302.75	400
28190416	302.75	400
28195417	302.75	400
28200418	302.75	400
28205419	302.75	400
28210420	302.75	400
28215421	302.7536	400
28220422	302.9996	400
28225423	303	400
28230424	303	400
28235425	303	400
28240426	303	400
28245427	303	400
28250428	303	400
28255429	303	400
28260430	303	400
28265431	303	400
28270432	303.0032	400
28275433	303.0265	400
28280434	303	400
28285435	303.22	400
28290436	303.2499	400
28295437	303.0301	400
28300438	303.25	400
28305439	303.0301	400
28310440	303.25	400
28315441	303.25	400
28320442	303.25	400
28325443	303.2496	400
28330444	303.25	400
28335445	303.25	400
28340446	303.25	400
28345447	303.4999	400
28350451	303.4704	400
28355452	303.4996	400
28360453	303.4968	400
28365454	303.4996	400
28370455	303.4985	400
28375456	303.5	400
28380457	303.5	400
28385458	303.4968	400
28390459	303.5	400
28395460	303.5	400
28400461	303.5	400
28405462	303.5296	400
28410463	303.7495	400
28415464	303.7468	400
28420465	303.75	400
28425466	303.75	400
28430467	303.7235	400
28435468	303.75	400
28440469	303.75	400
28445470	303.7468	400
28450471	303.75	400
28455472	303.75	400
28460473	303.75	400
28465474	303.75	400
28470475	303.75	400
28475476	303.53	400
28480477	303.3105	400
28485478	303.7504	400
28490479	303.9703	400
28495480	303.9736	400
28500481	304	400
28505482	303.78	400
28510483	304	400
28515484	304	400
28520485	304	400
28525486	304	400
28530487	304	400
28535488	304	400
28540489	304	400
28545490	304.2199	400
28550491	304.0032	400
28555492	304.0036	400
28560493	304.2203	400
28565494	303.5897	400
28570495	304.25	400
28575496	304.2203	400
28580497	304.25	400
28585498	304.25	400
28590499	304.25	400
28595500	304.25	400
28600501	304.25	400
28605502	304.2764	400
28610503	304.4699	400
28615504	304.2535	400
28620505	304.276	400
28625506	304.2504	400
28630507	304.2499	400
28635508	304.2764	400
28640509	304.2764	400
28645510	304.28	400
28650511	304.5	400
28655512	304.4996	400
28660513	304.2791	400
28665514	304.5	400
28670515	304.5	400
28675516	304.5	400
28680517	304.5	400
28685518	304.5	400
28690519	304.5	400
28695520	304.5	400
28700521	304.5	400
28705522	304.5	400
28710523	304.72	400
28715524	304.5269	400
28720525	304.5001	400
28725526	304.75	400
28730527	304.7468	400
28735528	304.5297	400
28740529	304.5301	400
28745530	304.5295	400
28750531	304.75	400
28755532	304.75	400
28760533	304.75	400
28765534	304.75	400
28770535	304.75	400
28775536	304.75	400
28780537	304.75	400
28785538	304.75	400
28790539	304.9731	400
28795540	304.7504	400
28800541	304.9699	400
28805542	304.7532	400
28810543	304.9699	400
28815544	305	400
28820545	304.9731	400
28825546	304.9999	400
28830547	305	400
28835548	305	400
28840549	305	400
28845550	304.9999	400
28850554	305.0264	400
28855555	305.2199	400
28860556	305.2496	400
28865557	304.7795	400
28870558	305.2496	400
28875559	305.0032	400
28880560	305.0264	400
28885561	305.03	400
28890562	305.2468	400
28895563	305.25	400
28900564	305.25	400
28905565	305.25	400
28910566	305.25	400
28915567	305.25	400
28920568	305.25	400
28925569	305.2765	400
28930570	305.4731	400
28935571	305.47	400
28940572	305.25	400
28945573	305.25	400
28950574	305.4968	400
28955575	305.47	400
28960576	305.2801	400
28965577	305.474	400
28970578	305.4996	400
28975579	305.2769	400
28980580	305.5	400
28985581	305.5	400
28990582	305.5	400
28995583	305.5	400
29000584	305.5	400
29005585	305.5	400
29010586	305.5	400
29015587	305.5	400
29020588	305.5	400
29025589	305.5	400
29030590	305.2801	400
29035591	305.7199	400
29040592	305.7464	400
29045593	305.7465	400
29050594	305.7499	400
29055595	305.72	400
29060596	305.7499	400
29065597	305.7496	400
29070598	305.75	400
29075599	305.7499	400
29080600	305.7499	400
29085601	305.7499	400
29090602	305.7499	400
29095603	305.7499	400
29100604	305.75	400
29105605	305.7499	400
29110606	305.75	400
29115607	305.7535	400
29120608	305.78	400
29125609	305.9968	400
29130610	305.7765	400
29135611	306	400
29140612	306	400
29145613	306	400
29150614	306	400
29155615	306	400
29160616	306	400
29165617	306	400
29170618	306	400
29175619	306	400
29180620	306.22	400
29185621	306	400
29190622	306.0268	400
29195623	306.2235	400
29200624	306.0269	400
29205625	306.25	400
29210626	306.2235	400
29215627	306.25	400
29220628	306.1971	400
29225629	306.25	400
29230630	306.25	400
29235631	306.25	400
29240632	306.25	400
29245633	306.25	400
29250634	306.25	400
29255635	306.25	400
29260636	306.2535	400
29265637	306.25	400
29270638	306.4999	400
29275639	306.5	400
29280640	306.4996	400
29285641	306.4999	400
29290642	306.4999	400
29295643	306.4999	400
29300644	306.4999	400
29305645	306.4999	400
29310646	306.4999	400
29315647	306.4999	400
29320648	306.4999	400
29325649	306.72	400
29330650	306.5003	400
29335651	306.5036	400
29340652	306.5296	400
29345653	306.5296	400
29350657	306.75	400
29355658	306.53	400
29360659	306.75	400
29365660	306.7236	400
29370661	306.75	400
29375662	306.75	400
29380663	306.75	400
29385664	306.75	400
29390665	306.75	400
29395666	306.75	400
29400667	306.75	400
29405668	306.7765	400
29410669	306.75	400
29415670	306.9968	400
29420671	306.9704	400
29425672	306.9968	400
29430673	306.9999	400
29435674	307	400
29440675	307	400
29445676	306.9471	400
29450677	307	400
29455678	307	400
29460679	307	400
29465680	307	400
29470681	307	400
29475682	307.2199	400
29480683	307.0264	400
29485684	307.0001	400
29490685	307.2199	400
29495686	307.0296	400
29500687	307.2235	400
29505688	307.2468	400
29510689	307.25	400
29515690	307.2236	400
29520691	307.2236	400
29525692	307.25	400
29530693	307.25	400
29535694	307.25	400
29540695	307.25	400
29545696	307.25	400
29550697	307.25	400
29555698	307.25	400
29560699	307.2764	400
29565700	307.2504	400
29570701	307.4732	400
29575702	307.4736	400
29580703	307.4734	400
29585704	307.5	400
29590705	307.4732	400
29595706	307.5	400
29600707	307.5	400
29605708	307.5	400
29610709	307.5	400
29615710	307.5	400
29620711	307.5	400
29625712	307.5	400
29630713	307.5	400
29635714	307.5	400
29640715	307.5	400
29645716	307.5	400
29650717	307.5032	400
29655718	307.5004	400
29660719	307.7468	400
29665720	307.5269	400
29670721	307.75	400
29675722	307.75	400
29680723	307.5265	400
29685724	307.5301	400
29690725	307.75	400
29695726	307.75	400
29700727	307.9699	400
29705728	307.75	400
29710729	307.75	400
29715730	307.75	400
29720731	307.7504	400
29725732	307.9968	400
29730733	308	400
29735734	307.9703	400
29740735	307.9999	400
29745736	307.9968	400
29750737	308	400
29755738	307.9968	400
29760739	308	400
29765740	308	400
29770741	308	400
29775742	308	400
29780743	308	400
29785744	308.0264	400
29790745	305.1407	400
29795746	308.0295	400
29800747	308.2232	400
29805748	308.2236	400
29810749	308.0036	400
29815750	308.2496	400
29820751	308.25	400
29825752	308.2496	400
29830753	308.25	400
29835754	308.2236	400
29840755	308.25	400
29845756	308.2405	400
29850760	308.25	400
29855761	308.25	400
29860762	308.25	400
29865763	308.25	400
29870764	308.25	400
29875765	308.2532	400
29880766	308.25	400
29885767	308.2765	400
29890768	308.2472	400
29895769	308.2769	400
29900770	308.2801	400
29905771	308.4996	400
29910772	308.5	400
29915773	308.4968	400
29920774	308.5	400
29925775	308.4736	400
29930776	308.5	400
29935777	308.5	400
29940778	308.5	400
29945779	308.5	400
29950780	308.5	400
29955781	308.5	400
29960782	308.5	400
29965783	308.5	400
29970784	308.5	400
29975785	308.7231	400
29980786	308.7231	400
29985787	308.72	400
29990788	308.7199	400
29995789	308.53	400
30000790	308.53	400
30005791	308.6144	400
30010792	308.75	400
30015793	308.7464	400
30020794	308.75	400
30025795	308.7468	400
30030796	308.75	400
30035797	308.75	400
30040798	308.75	400
30045799	308.75	400
30050800	308.75	400
30055801	308.75	400
30060802	308.75	400
30065803	308.97	400
30070804	308.75	400
30075805	308.9999	400
30080806	308.9704	400
30085807	309	400
30090808	308.7768	400
30095809	309	400
30100810	308.7535	400
30105811	308.9968	400
30110812	309	400
30115813	308.9968	400
30120814	309	400
30125815	309	400
30130816	309	400
30135817	309	400
30140818	309	400
30145819	309	400
30150820	309	400
30155821	309.0269	400
30160822	309.0265	400
30165823	309.2496	400
30170824	309.2205	400
30175825	309.0297	400
30180826	309.0032	400
30185827	309.2499	400
30190828	309.2499	400
30195829	309.2499	400
30200830	309.25	400
30205831	309.197	400
30210832	309.25	400
30215833	309.2236	400
30220834	309.25	400
30225835	309.25	400
30230836	309.25	400
30235837	309.25	400
30240838	309.25	400
30245839	309.25	400
30250840	309.4699	400
30255841	309.25	400
30260842	309.25	400
30265843	309.2536	400
30270844	309.25	400
30275845	309.4968	400
30280846	309.2501	400
30285847	309.2795	400
30290848	309.5	400
30295849	309.4996	400
30300850	309.5	400
30305851	309.4968	400
30310852	309.5	400
30315853	309.5	400
30320854	309.5	400
30325855	309.5	400
30330856	309.5	400
30335857	309.5	400
30340858	309.72	400
30345859	309.5264	400
30350863	309.5	400
30355864	309.5004	400
30360865	309.5295	400
30365866	309.7236	400
30370867	309.5269	400
30375868	309.75	400
30380869	309.53	400
30385870	309.75	400
30390871	309.75	400
30395872	309.75	400
30400873	309.75	400
30405874	309.75	400
30410875	309.75	400
30415876	309.75	400
30420877	309.75	400
30425878	309.75	400
30430879	309.75	400
30435880	309.7765	400
30440881	309.9965	400
30445882	309.7532	400
30450883	309.9964	400
30455884	309.7796	400
30460885	309.7504	400
30465886	309.9969	400
30470887	309.9968	400
30475888	310	400
30480889	309.7801	400
30485890	310	400
30490891	310	400
30495892	310	400
30500893	310	400
30505894	310	400
30510895	310	400
30515896	310	400
30520897	310	400
30525898	310.0001	400
30530899	310.2231	400
30535900	310.0269	400
30540901	310.2232	400
30545902	310.25	400
30550903	310.2231	400
30555904	310.2499	400
30560905	309.3702	400
30565906	310.25	400
30570907	310.25	400
30575908	310.25	400
30580909	310.25	400
30585910	310.2499	400
30590911	310.25	400
30595912	310.25	400
30600913	310.47	400
30605914	310.25	400
30610915	310.4736	400
30615916	310.25	400
30620917	310.5	400
30625918	310.4968	400
30630919	310.4968	400
30635920	310.5	400
30640921	310.5	400
30645922	310.5	400
30650923	310.5	400
30655924	310.5	400
30660925	310.4996	400
30665926	310.5	400
30670927	310.28	400
30675928	310.5	400
30680929	310.5265	400
30685930	310.5004	400
30690931	310.5264	400
30695932	310.72	400
30700933	310.5004	400
30705934	310.5	400
30710935	310.75	400
30715936	310.5301	400
30720937	310.7499	400
30725938	310.75	400
30730939	310.75	400
30735940	310.75	400
30740941	310.75	400
30745942	310.7236	400
30750943	310.75	400
30755944	310.75	400
30760945	310.75	400
30765946	310.75	400
30770947	310.75	400
30775948	310.7764	400
30780949	310.7504	400
30785950	310.7535	400
30790951	310.7536	400
30795952	310.9731	400
30800953	310.9999	400
30805954	310.9732	400
30810955	311	400
30815956	310.9968	400
30820957	311	400
30825958	310.78	400
30830959	310.9996	400
30835960	311	400
30840961	311	400
30845962	311	400
30850966	311	400
30855967	311	400
30860968	311	400
30865969	311	400
30870970	311	400
30875971	311.0264	400
30880972	311	400
30885973	311	400
30890974	311	400
30895975	311.0031	400
30900976	311	400
30905977	311	400
30910978	311	400
30915979	311.2203	400
30920980	311.22	400
30925981	311.0035	400
30930982	311.2499	400
30935983	311.0269	400
30940984	311.2499	400
30945985	311.25	400
30950986	311.25	400
30955987	311.25	400
30960988	311.25	400
30965989	311.2627	400
30970990	311.25	400
30975991	311.25	400
30980992	311.25	400
30985993	311.25	400
30990994	311.25	400
30995995	311.25	400
31000996	311.4731	400
31005997	311.4699	400
31010998	311.5	400
31015999	311.25	400
31021000	311.4999	400
31026001	311.4968	400
31031002	311.5	400
31036003	311.5	400
31041004	311.4996	400
31046005	311.5	400
31051006	311.5001	400
31056007	311.5032	400
31061008	311.5	400
31066009	311.4999	400
31071010	311.5	400
31076011	311.7205	400
31081012	311.5	400
31086013	311.5	400
31091014	311.5	400
31096015	311.5001	400
31101016	311.7235	400
31106017	311.72	400
31111018	311.7496	400
31116019	311.5269	400
31121020	311.75	400
31126021	311.7492	400
31131022	311.75	400
31136023	311.75	400
31141024	311.7468	400
31146025	311.75	400
31151026	311.75	400
31156027	311.75	400
31161028	311.75	400
31166029	311.75	400
31171030	311.75	400
31176031	311.75	400
31181032	311.9968	400
31186033	311.9968	400
31191034	311.78	400
31196035	311.9995	400
31201036	311.9968	400
31206037	311.9735	400
31211038	310.8978	400
31216039	311.9736	400
31221040	312	400
31226041	312	400
31231042	312	400
31236043	312	400
31241044	312	400
31246045	312	400
31251046	312	400
31256047	312	400
31261048	311.9471	400
31266049	312.0265	400
31271050	312	400
31276051	312.0036	400
31281052	312.2236	400
31286053	312.2464	400
31291054	312.25	400
31296055	312.25	400
31301056	312.25	400
31306057	312.03	400
31311058	312.25	400
31316059	312.25	400
31321060	312.25	400
31326061	312.25	400
31331062	312.25	400
31336063	312.25	400
31341064	312.25	400
31346065	312.25	400
31351069	312.25	400
31356070	312.25	400
31361071	312.25	400
31366072	312.25	400
31371073	312.25	400
31376074	312.25	400
31381075	312.4705	400
31386076	312.4699	400
31391077	312.28	400
31396078	312.4999	400
31401079	312.5	400
31406080	312.4999	400
31411081	312.5	400
31416082	312.28	400
31421083	312.5	400
31426084	312.28	400
31431085	312.5	400
31436086	312.5	400
31441087	312.5	400
31446088	312.5	400
31451089	312.5	400
31456090	312.5	400
31461091	312.5	400
31466092	312.5	400
31471093	312.5	400
31476094	312.7235	400
31481095	312.5032	400
31486096	312.5297	400
31491097	312.53	400
31496098	312.5269	400
31501099	312.7495	400
31506100	312.7496	400
31511101	312.7235	400
31516102	312.75	400
31521103	312.75	400
31526104	312.75	400
31531105	312.75	400
31536106	312.9699	400
31541107	312.75	400
31546108	312.75	400
31551109	312.75	400
31556110	312.75	400
31561111	312.75	400
31566112	312.7764	400
31571113	312.75	400
31576114	312.75	400
31581115	312.7768	400
31586116	312.9964	400
31591117	313	400
31596118	312.75	400
31601119	312.9999	400
31606120	312.75	400
31611121	312.9965	400
31616122	312.7795	400
31621123	312.9703	400
31626124	313	400
31631125	312.9445	400
31636126	313	400
31641127	312.9996	400
31646128	313	400
31651129	312.78	400
31656130	313	400
31661131	313	400
31666132	313	400
31671133	313	400
31676134	313	400
31681135	313	400
31686136	313	400
31691137	313	400
31696138	313	400
31701139	313.2231	400
31706140	313.0264	400
31711141	313.2496	400
31716142	313.2235	400
31721143	313.25	400
31726144	313.25	400
31731145	313.25	400
31736146	313.25	400
31741147	313.2496	400
31746148	313.25	400
31751149	313.03	400
31756150	313.25	400
31761151	313.25	400
31766152	313.25	400
31771153	313.25	400
31776154	313.2499	400
31781155	313.25	400
31786156	313.25	400
31791157	313.25	400
31796158	313.25	400
31801159	313.2504	400
31806160	313.2504	400
31811161	313.2532	400
31816162	313.2504	400
31821163	313.4699	400
31826164	313.2796	400
31831165	313.4964	400
31836166	313.5	400
31841167	313.28	400
31846168	313.4996	400
31851172	313.5	400
31856173	313.5	400
31861174	313.5	400
31866175	313.5	400
31871176	313.5	400
31876177	313.5	400
31881178	313.5	400
31886179	313.5	400
31891180	313.5	400
31896181	313.5	400
31901182	313.5	400
31906183	313.5	400
31911184	313.7464	400
31916185	313.5	400
31921186	313.5	400
31926187	313.5035	400
31931188	313.5264	400
31936189	313.75	400
31941190	313.7465	400
31946191	313.75	400
31951192	313.7204	400
31956193	313.75	400
31961194	313.75	400
31966195	313.7499	400
31971196	313.7236	400
31976197	313.75	400
31981198	313.75	400
31986199	313.75	400
31991200	313.75	400
31996201	313.75	400
32001202	313.75	400
32006203	313.75	400
32011204	313.75	400
32016205	313.75	400
32021206	313.75	400
32026207	313.7532	400
32031208	313.9964	400
32036209	313.9969	400
32041210	313.9996	400
32046211	313.9996	400
32051212	313.974	400
32056213	313.78	400
32061214	314	400
32066215	314	400
32071216	313.9736	400
32076217	314	400
32081218	314	400
32086219	312.9002	400
32091220	314	400
32096221	314	400
32101222	314	400
32106223	314	400
32111224	314	400
32116225	314	400
32121226	313.9999	400
32126227	313.9999	400
32131228	314	400
32136229	313.9999	400
32141230	313.9999	400
32146231	313.9999	400
32151232	314	400
32156233	314.0004	400
32161234	314.0035	400
32166235	314.2203	400
32171236	314.0003	400
32176237	314.2231	400
32181238	314.2203	400
32186239	314.2464	400
32191240	314.0296	400
32196241	314.0296	400
32201242	314.2496	400
32206243	314.25	400
32211244	314.2496	400
32216245	314.25	400
32221246	314.2499	400
32226247	314.25	400
32231248	314.25	400
32236249	314.25	400
32241250	314.25	400
32246251	314.25	400
32251252	314.25	400
32256253	314.25	400
32261254	314.2504	400
32266255	314.2532	400
32271256	314.2769	400
32276257	314.2765	400
32281258	314.4704	400
32286259	314.47	400
32291260	314.4996	400
32296261	314.4996	400
32301262	314.5	400
32306263	314.4999	400
32311264	314.4999	400
32316265	314.5	400
32321266	314.5	400
32326267	314.5	400
32331268	314.5	400
32336269	314.5	400
32341270	314.5	400
32346271	314.5	400
32351275	314.5	400
32356276	314.5	400
32361277	314.5	400
32366278	314.4682	400
32371279	314.7464	400
32376280	314.5264	400
32381281	314.5264	400
32386282	314.5032	400
32391283	314.7464	400
32396284	314.5296	400
32401285	314.7203	400
32406286	314.53	400
32411287	314.53	400
32416288	314.0637	400
32421289	314.5297	400
32426290	314.75	400
32431291	314.75	400
32436292	314.75	400
32441293	314.7232	400
32446294	314.75	400
32451295	314.75	400
32456296	314.75	400
32461297	314.75	400
32466298	314.7496	400
32471299	314.75	400
32476300	314.75	400
32481301	314.75	400
32486302	314.75	400
32491303	314.7504	400
32496304	314.75	400
32501305	314.9996	400
32506306	314.7764	400
32511307	314.9732	400
32516308	314.7536	400
32521309	314.3365	400
32526310	314.78	400
32531311	314.9996	400
32536312	315	400
32541313	314.9933	400
32546314	315	400
32551315	314.9996	400
32556316	315	400
32561317	315	400
32566318	315	400
32571319	315	400
32576320	315	400
32581321	315	400
32586322	314.9968	400
32591323	315	400
32596324	315	400
32601325	315	400
32606326	315	400
32611327	315	400
32616328	315	400
32621329	315	400
32626330	315	400
32631331	315	400
32636332	315.0265	400
32641333	315	400
32646334	315.2464	400
32651335	315	400
32656336	315	400
32661337	315	400
32666338	315	400
32671339	315.2496	400
32676340	315.0264	400
32681341	315.0004	400
32686342	315.22	400
32691343	315.2464	400
32696344	315.2209	400
32701345	315.03	400
32706346	315.2235	400
32711347	315.0004	400
32716348	315.2236	400
32721349	315.2468	400
32726350	315.0301	400
32731351	315.2465	400
32736352	315.0032	400
32741353	315.0292	400
32746354	315.25	400
32751355	315.0032	400
32756356	315.25	400
32761357	315.25	400
32766358	315.25	400
32771359	315.25	400
32776360	315.25	400
32781361	315.25	400
32786362	315.25	400
32791363	315.25	400
32796364	315.25	400
32801365	315.25	400
32806366	315.25	400
32811367	315.25	400
32816368	315.25	400
32821369	315.25	400
32826370	315.25	400
32831371	315.25	400
32836372	315.25	400
32841373	315.25	400
32846374	315.25	400
32851378	315.0269	400
32856379	315.25	400
32861380	315.25	400
32866381	315.25	400
32871382	315.25	400
32876383	315.25	400
32881384	315.25	400
32886385	315.25	400
32891386	315.25	400
32896387	315.25	400
32901388	315.25	400
32906389	315.25	400
32911390	315.25	400
32916391	315.25	400
32921392	315.25	400
32926393	315.25	400
32931394	315.25	400
32936395	315.25	400
32941396	315.2764	400
32946397	315.25	400
32951398	315.25	400
32956399	315.2761	400
32961400	315.25	400
32966401	315.25	400
32971402	315.2536	400
32976403	315.4705	400
32981404	315.2769	400
32986405	315.2765	400
32991406	315.474	400
32996407	315.25	400
33001408	315.4996	400
33006409	315.2504	400
33011410	315.47	400
33016411	315.2768	400
33021412	315.4968	400
33026413	315.5	400
33031414	315.4736	400
33036415	315.4736	400
33041416	315.4964	400
33046417	315.4968	400
33051418	315.4968	400
33056419	315.5	400
33061420	315.5	400
33066421	315.5	400
33071422	315.5	400
33076423	315.4999	400
33081424	315.5	400
33086425	315.5	400
33091426	315.5	400
33096427	315.474	400
33101428	315.5	400
33106429	315.5	400
33111430	315.5	400
33116431	315.5	400
33121432	315.5	400
33126433	315.5	400
33131434	315.4999	400
33136435	315.5	400
33141436	315.5	400
33146437	315.5	400
33151438	315.4735	400
33156439	315.5	400
33161440	315.5	400
33166441	315.5	400
33171442	315.5	400
33176443	315.5	400
33181444	315.5	400
33186445	315.5	400
33191446	315.5	400
33196447	315.5	400
33201448	315.5	400
33206449	315.5	400
33211450	315.5	400
33216451	315.5	400
33221452	315.5	400
33226453	315.5	400
33231454	315.5	400
33236455	315.5	400
33241456	315.5	400
33246457	315.5	400
33251458	315.5	400
33256459	315.474	400
33261460	315.5	400
33266461	315.5	400
33271462	315.5	400
33276463	315.5	400
33281464	315.5	400
33286465	315.5	400
33291466	315.5	400
33296467	315.4736	400
33301468	315.5	400
33306469	315.5	400
33311470	315.5	400
33316471	315.5	400
33321472	315.5	400
33326473	315.5	400
33331474	315.5	400
33336475	315.5	400
33341476	315.5	400
33346477	315.5	400
33351481	315.5	400
33356482	315.5	400
33361483	315.5	400
33366484	315.5	400
33371485	315.5	400
33376486	315.5	400
33381487	315.5	400
33386488	315.5	400
33391489	315.5	400
33396490	315.72	400
33401491	315.5	400
33406492	315.5	400
33411493	315.5	400
33416494	315.5	400
33421495	315.5	400
33426496	315.5	400
33431497	315.5	400
33436498	315.5	400
33441499	315.5	400
33446500	315.5	400
33451501	315.72	400
33456502	315.72	400
33461503	315.5	400
33466504	315.5032	400
33471505	315.5	400
33476506	315.5	400
33481507	315.5	400
33486508	315.5	400
33491509	315.5004	400
33496510	315.0601	400
33501511	315.72	400
33506512	315.5	400
33511513	315.5004	400
33516514	315.5004	400
33521515	315.5	400
33526516	315.5	400
33531517	315.5	400
33536518	315.5004	400
33541519	315.5	400
33546520	315.7464	400
33551521	315.5004	400
33556522	315.5265	400
33561523	315.53	400
33566524	315.5297	400
33571525	315.5004	400
33576526	315.5265	400
33581527	315.7204	400
33586528	315.7209	400
33591529	315.7204	400
33596530	315.75	400
33601531	315.724	400
33606532	315.75	400
33611533	315.7203	400
33616534	315.7496	400
33621535	315.7496	400
33626536	315.7468	400
33631537	315.75	400
33636538	315.75	400
33641539	315.75	400
33646540	315.7236	400
33651541	315.53	400
33656542	315.5268	400
33661543	315.53	400
33666544	315.75	400
33671545	315.75	400
33676546	315.7232	400
33681547	315.75	400
33686548	315.5036	400
33691549	315.75	400
33696550	315.75	400
33701551	315.75	400
33706552	315.75	400
33711553	315.75	400
33716554	315.53	400
33721555	315.53	400
33726556	315.75	400
33731557	315.7236	400
33736558	315.75	400
33741559	315.75	400
33746560	315.75	400
33751561	315.75	400
33756562	315.75	400
33761563	315.75	400
33766564	315.7235	400
33771565	315.75	400
33776566	315.75	400
33781567	315.75	400
33786568	315.75	400
33791569	315.75	400
33796570	315.75	400
33801571	315.75	400
33806572	315.75	400
33811573	315.7235	400
33816574	315.75	400
33821575	315.75	400
33826576	315.75	400
33831577	315.75	400
33836578	315.97	400
33841579	315.75	400
33846580	315.7532	400
33851584	315.7501	400
33856585	315.75	400
33861586	315.75	400
33866587	315.7496	400
33871588	315.75	400
33876589	315.75	400
33881590	315.75	400
33886591	315.75	400
33891592	315.75	400
33896593	315.75	400
33901594	315.75	400
33906595	315.7501	400
33911596	315.75	400
33916597	315.75	400
33921598	315.75	400
33926599	315.75	400
33931600	315.75	400
33936601	315.75	400
33941602	315.75	400
33946603	315.7764	400
33951604	315.75	400
33956605	315.75	400
33961606	315.7536	400
33966607	315.97	400
33971608	315.75	400
33976609	315.75	400
33981610	315.75	400
33986611	315.7504	400
33991612	315.7531	400
33996613	315.75	400
34001614	315.75	400
34006615	315.75	400
34011616	315.75	400
34016617	315.7532	400
34021618	315.75	400
34026619	315.9731	400
34031620	315.7501	400
34036621	315.75	400
34041622	315.7504	400
34046623	315.75	400
34051624	315.7501	400
34056625	315.75	400
34061626	315.7764	400
34066627	315.75	400
34071628	315.7761	400
34076629	315.75	400
34081630	315.7532	400
34086631	315.75	400
34091632	315.75	400
34096633	315.75	400
34101634	315.7764	400
34106635	315.7532	400
34111636	315.75	400
34116637	315.75	400
34121638	315.75	400
34126639	315.9704	400
34131640	315.7236	400
34136641	315.9703	400
34141642	315.7765	400
34146643	315.7769	400
34151644	315.75	400
34156645	315.75	400
34161646	315.97	400
34166647	315.75	400
34171648	315.7536	400
34176649	315.75	400
34181650	315.7532	400
34186651	315.7501	400
34191652	315.97	400
34196653	315.7532	400
34201654	315.97	400
34206655	315.9968	400
34211656	315.7472	400
34216657	315.7532	400
34221658	315.7501	400
34226659	315.9969	400
34231660	315.9968	400
34236661	315.78	400
34241662	315.7536	400
34246663	315.7765	400
34251664	314.0204	400
34256665	315.7769	400
34261666	316	400
34266667	315.7532	400
34271668	315.9703	400
34276669	315.7769	400
34281670	315.9735	400
34286671	315.7765	400
34291672	315.9968	400
34296673	315.7801	400
34301674	315.9732	400
34306675	315.7801	400
34311676	315.9968	400
34316677	315.9996	400
34321678	315.7768	400
34326679	315.9968	400
34331680	315.7801	400
34336681	315.9996	400
34341682	315.9968	400
34346683	315.7532	400
34351687	315.9968	400
34356688	315.9968	400
34361689	316	400
34366690	315.9965	400
34371691	316	400
34376692	315.7801	400
34381693	315.9969	400
34386694	316	400
34391695	315.9999	400
34396696	316	400
34401697	315.9736	400
34406698	316	400
34411699	315.9968	400
34416700	316	400
34421701	315.7536	400
34426702	316	400
34431703	316	400
34436704	316	400
34441705	316	400
34446706	316	400
34451707	315.9471	400
34456708	316	400
34461709	316	400
34466710	315.9996	400
34471711	316	400
34476712	316	400
34481713	316	400
34486714	316	400
34491715	315.974	400
34496716	315.7801	400
34501717	316	400
34506718	316	400
34511719	316	400
34516720	316	400
34521721	316	400
34526722	316	400
34531723	316	400
34536724	316	400
34541725	316	400
34546726	316	400
34551727	316	400
34556728	316	400
34561729	316	400
34566730	316	400
34571731	316	400
34576732	316	400
34581733	316	400
34586734	316	400
34591735	316	400
34596736	316	400
34601737	316	400
34606738	316	400
34611739	316.2199	400
34616740	316	400
34621741	316	400
34626742	316	400
34631743	316	400
34636744	316.0032	400
34641745	316	400
34646746	315.9968	400
34651747	316.0004	400
34656748	316.0001	400
34661749	316.2199	400
34666750	316.2199	400
34671751	316.2231	400
34676752	316.0001	400
34681753	316	400
34686754	316.0001	400
34691755	316.2205	400
34696756	316.2236	400
34701757	316.0032	400
34706758	316.2231	400
34711759	316.0032	400
34716760	316.2496	400
34721761	316.2199	400
34726762	316.25	400
34731763	316.0036	400
34736764	316.25	400
34741765	316.0004	400
34746766	316.2464	400
34751767	316.25	400
34756768	316.2496	400
34761769	316.25	400
34766770	316.22	400
34771771	316.25	400
34776772	316.2236	400
34781773	316.25	400
34786774	316.25	400
34791775	316.25	400
34796776	316.25	400
34801777	316.25	400
34806778	316.25	400
34811779	316.2468	400
34816780	316.25	400
34821781	316.03	400
34826782	316.25	400
34831783	316.2496	400
34836784	316.25	400
34841785	316.25	400
34846786	316.25	400
34851790	316.03	400
34856791	316.2496	400
34861792	316.25	400
34866793	316.25	400
34871794	316.25	400
